﻿{
  "serviceHistory": {
    "3GKK": "MobiGold hòa mạng mới (do Mobi365 chuyển sang) / Mobi365 chuyển sang MobiGold: có chuyển tiền",
    "CFKK": "MobiGold hòa mạng mới (do MobiCard chuyển sang) / Cắt MobiCard để chuyển sang MobiGold",
    "MCVU": "MobiGold số công vụ hòa mạng mới (số mới)",
    "MS": "MobiGold hòa mạng mới (số mới)",
    "QFON": "MobiGold hòa mạng mới (do MobiQ chuyển sang)",
    "QTEF": "MobiGold hòa mạng mới (do Q-Teen chuyển sang) / Q-Teen chuyển sang MobiGold",
    "SVFKK": "MobiGold hòa mạng mới (do Q-Student chuyển sang) / Q-Student chuyển sang MobiGold",
    "UFKK": "MobiGold hòa mạng mới (do Mobi4U chuyển sang) / Mobi4U chuyển sang MobiGold",
    "ZFKK": "MobiGold hòa mạng mới (do MobiZone chuyển sang) / MobiZone chuyển sang MobiGold: Còn tiền",
    "CHS": "Thay đổi thông tin do thông tin trước đó CH/ ĐLC cập nhật bị sai / Chặn 2 chiều do cửa hàng sau",
    "DTEN": "- Đổi tên cá nhân := cập nhật thêm tên cá nhân sau tên doanh nghiệp- Đổi tên doanh nghiệp := do doanh nghiệp đổi tên",
    "KHYC": "Thay đổi dịch vụ do KHYC / Thay sim / Thay đổi giữa các hình thức trả trước KH tự chuyển / Chặn 2 chiều do khách hàng yêu cầu",
    "NTNC": "Nhắn tin thông báo cước",
    "NTTB": "Nhắn tin nhắc cước hay nhắn nội dung khác",
    "WARN": "Nhắn tin nhắc cước hay nhắn tin báo đỏ",
    "PAID": "Mở 1 chiều do KH thanh toán cước",
    "XMD": "Mở 1 chiều do đã xác minh được địa chỉ thuê bao",
    "128K": "Đổi sim qua sim dung lượng 128K",
    "CA64": "Đổi sim qua sim dung lượng 64K",
    "DSMP": "Đổi sim miễn phí",
    "CCQ": "Thuê bao được đấu mới do CCQ và chủ cũ đã thanh toán hết cước / Chặn 2 chiều do chuyển chủ quyền / Cắt hủy/ cắt hẳn MobiGold để chuyển chủ quyền và chủ cũ đã thanh toán hết cước",
    "CQC": "Thuê bao được đấu mới do chuyển chủ quyền và KH mới đồng ý thanh toán cước của chủ cũ",
    "ANNI": "Chặn 1 chiều / 2 chiều do yêu cầu từ Bộ Công An",
    "CA1": "Chặn 2 chiều do mất máy / Chặn 1 chiều do mất máy",
    "CA4": "Chặn 2 chiều do mất sim / Chặn 1 chiều do mất sim",
    "DEBT": "Chặn 1 chiều / Chặn 2 chiều do nợ cước",
    "KHD": "Chặn 1 chiều do không dùng/Chặn 2 chiều do KH yêu cầu tạm khóa",
    "KHDC": "Chặn 1 chiều / Chặn 2 chiều do địa chỉ không có thực, giả mạo hồ sơ",
    "KNAI": "Chặn 1 / 2 chiều do khách hàng khiếu nại",
    "KVMS": "Tạm khóa 2 chiều - VMS",
    "KXD": "Chặn 1 / 2 chiều do không xác minh được thông tin thuê bao",
    "QROI": "Chặn 1 / 2 chiều do thuê bao quấy rối",
    "THLY": "Chặn 2 chiều do khách hàng yêu cầu thanh lý hợp đồng",
    "XMB": "Chặn 1 / 2 chiều do khách hàng cung cấp sai địa chỉ",
    "BADO": "Chặn 1 chiều do TB sử dụng vượt quá mức cước ứng trước, báo đỏ",
    "HSO": "Chặn 1 chiều do không có hồ sơ",
    "OTH": "Chặn 1 chiều do các lý do khác",
    "CSKS": "Chặn 1 chiều do nghi ngờ sim kích hoạt sẵn",
    "3FON": "Mobi365 chuyển sang MobiGold: không còn tiền",
    "CA05": "Cắt hủy/ cắt hẳn MobiGold trong vòng 5 ngày tính từ ngày hòa mạng (đã bỏ nghiệp vụ này)",
    "CA2": "Cắt hủy/ cắt hẳn MobiGold do sóng yếu",
    "CA3": "Cắt hủy/ cắt hẳn MobiGold do KH hủy số không sử dụng; Cắt hủy/ cắt hẳn trả trước do KH hủy số không sử dụng",
    "CCNV": "Cắt hủy/ cắt hẳn MobiGold để chuyển sang thuê bao nghiệp vụ",
    "CCVU": "Cắt hủy/ cắt hẳn MobiGold để chuyển sang thuê bao công vụ",
    "CMCV": "Chuyển máy công vụ",
    "CNV": "Cắt hủy/ cắt hẳn MobiGold nghiệp vụ",
    "CTHU": "Cắt hủy/ cắt hẳn MobiGold thuộc sim thử",
    "DEAC": "Chặn 2 chiều do hết hạn nghe / Thuê bao trả trước bị cắt hủy/ delete do bị khóa 2 chiều quá hạn (hiện nay là 31 ngày)",
    "DPFC": "Cắt hủy/ cắt hẳn MobiGold để chuyển sang Fast Connect trả trước",
    "FONS": "Cắt hủy/ cắt hẳn MobiGold vì KH chuyển sang SFONE",
    "FONV": "Cắt hủy/ cắt hẳn MobiGold vì KH chuyển sang Viettel",
    "GOZO": "Cắt hủy/ cắt hẳn MobiGold để chuyển sang MobiZone",
    "HOSO": "Cắt hủy/ cắt hẳn MobiGold do không có hồ sơ",
    "KKH": "MobiGold chuyển sang MobiCard, không kích hoạt",
    "M365": "Mobi365 chuyển sang MobiGold",
    "MEZ": "Cắt hủy/ cắt hẳn MobiGold để chuyển sang MobiEZ",
    "MF4U": "Cắt hủy/ cắt hẳn MobiGold để chuyển sang Mobi4U",
    "MFQT": "Cắt hủy/ cắt hẳn MobiGold để chuyển sang Q-Teen",
    "MFSV": "Cắt hủy/ cắt hẳn MobiGold để chuyển sang Q-Student",
    "MGM3": "Cắt hủy/ cắt hẳn MobiGold để chuyển sang Mobi365",
    "MGMQ": "Cắt hủy/ cắt hẳn MobiGold để chuyển sang MobiQ",
    "MOBI": "Cắt hủy/ cắt hẳn MobiGold để chuyển sang MobiCard",
    "NO2T": "Cắt hủy/ cắt hẳn MobiGold do nợ cước quá",
    "QFKK": "Cắt MobiQ để chuyển sang MobiGold",
    "SAIS": "Cắt hủy/ cắt hẳn MobiGold do CH/ ĐLC đấu nối số sai qui định",
    "TK6T": "Cắt hủy/ cắt hẳn MobiGold do thuê bao khóa 2 chiều quá 6 tháng (hiện nay là quá 31 ngày)",
    "VINA": "Cắt hủy/ cắt hẳn MobiGold vì KH chuyển sang ViNaPhone",
    "DNTD": "Đấu số trả trước mới (số mới - đấu nối tự động)",
    "DNFC": "Đấu số MobiCard mới (do chuyển từ MobiGold sang)",
    "DNGQ": "Đấu số MobiQ mới (do chuyển từ MobiGold sang)",
    "GLZO": "MobiGold qua MobiZone",
    "FQTE": "Chuyển MobiGold sang Q_TEEN",
    "DNQT": "Chuyển MobiGold sang Mobi Qteen",
    "DNG3": "Chuyển MobiGold sang Mobi365",
    "DNFU": "Chuyển MobiGold sang Mobi4U",
    "DNFSV": "Chuyển MobiGold sang MobiQ_SV",
    "DN2S": "Đấu nối Sim 2 số",
    "DNGD": "Đấu nối hay khôi phục theo giấy duyệt",
    "DOIS": "Đối soát",
    "HUY": "Đấu F1 sửa sai TDN",
    "KP": "Khôi phục số đã hủy",
    "VMS": "Đấu mới",
    "STH": "Sim Thu TT",
    "DNST": "Đấu nối sim thử",
    "DBO": "Thay đổi giữa các hình thức trả trước (do KH tự chuyển - bấm Note để xem chi tiết)",
    "QSV": "Chuyển từ trả trước khác sang Q-SV",
    "QTE": "Chuyển từ trả trước khác sang Q-Teen",
    "INAC": "Chặn 1 chiều do hết hạn sử dụng (Mobi4U là do hết tiền)",
    "ACTI": "Mở 2 chiều do nạp tiền / Kích hoạt số trả trước mới",
    "RES": "Chặn 1 chiều do hết tiền (nhưng còn ngày sử dụng)",
    "CA7": "Hủy sim 2 số, thanh lý 1 số",
    "CKCVB": "Chặn không chính chủ vùng biên, DTV xác minh ghi nhận code 19.19. Không xác minh được thì mời đến CHC",
    "SVBG": "Spamcall-SVBG: ĐTV mời KH ra cửa hàng xác thực thông tin và làm cam kết để mở lại",
    "KMTD": "Chặn cắt do hết hạn sử dụng với thuê bao Saymee (70877)"
  },
  "eligibleCVTN": [
    "3MXH90",
    "6MXH90",
    "12MXH90",
    "3MXH100",
    "6MXH100",
    "12MXH100",
    "3MXH120",
    "6MXH120",
    "12MXH120",
    "3MXH150",
    "6MXH150",
    "12MXH150",
    "3MF159",
    "6MF159",
    "12MF159",
    "3KC120",
    "6KC120",
    "12KC120",
    "3KC150",
    "6KC150",
    "12KC150",
    "3S135",
    "6S135",
    "12S135",
    "3S159",
    "6S159",
    "12S159",
    "3MW90",
    "6MW90",
    "12MW90",
    "3MWG110",
    "6MWG110",
    "12MWG110",
    "3MWG125",
    "6MWG125",
    "12MWG125",
    "3MWG135",
    "6MWG135",
    "12MWG135",
    "3MWG155",
    "6MWG155",
    "12MWG155",
    "3MGX90",
    "6MGX90",
    "12MGX90",
    "3MGX110",
    "6MGX110",
    "12MGX110",
    "3MGX125",
    "6MGX125",
    "12MGX125",
    "3MAX90",
    "6MAX90",
    "12MAX90",
    "3V90",
    "6V90",
    "12V90",
    "3GX159",
    "6GX159",
    "12GX159",
    "3GX139",
    "6GX139",
    "12GX139",
    "MXH90",
    "MXH100",
    "MXH120",
    "MXH150",
    "MF159",
    "KC120",
    "KC150",
    "S135",
    "S159",
    "MW90",
    "MWG110",
    "MWG125",
    "MWG135",
    "MWG155",
    "MGX90",
    "MGX110",
    "MGX125",
    "MAX90",
    "V90",
    "GX159",
    "GX139",
    "C120K",
    "12C120K",
    "MF219",
    "MF329",
    "3MF219",
    "6MF219",
    "12MF219",
    "3MF329",
    "6MF329",
    "12MF329",
    "E300",
    "3E300",
    "6E300",
    "12E300",
    "5GV",
    "5GC",
    "5GLQ",
    "E500",
    "3E500",
    "6E500",
    "12E500",
    "E1000",
    "3E1000",
    "6E1000",
    "12E1000",
    "VZ100",
    "12VZ100",
    "VZ135",
    "12VZ135",
    "C90N",
    "3C90N",
    "6C90N",
    "12C90N",
    "3TK135",
    "6TK135",
    "12TK135",
    "TK135",
    "KC90",
    "3KC90",
    "6KC90",
    "12KC90",
    "3TK159",
    "6TK159",
    "12TK159",
    "TK159",
    "3PT90",
    "6PT90",
    "12PT90",
    "PT90"
  ],
  "flexibleRenewalFee": {
    "KC90": "6.000 đ",
    "TK135": "4.500 đ",
    "C120": "8.000 đ",
    "C90": "6.000 đ",
    "C90N": "6.000 đ",
    "KC120": "8.000 đ",
    "KC150": "10.000 đ",
    "PT120": "10.000 đ",
    "PT70": "2.500 đ",
    "PT90": "3.000 đ",
    "C120N": "8.000 đ",
    "C120K": "8.000 đ",
    "C120T": "8.000 đ",
    "TK159": "10.600 đ",
    "TK219": "29.200 đ",
    "MXH80": "6.000 đ",
    "MXH90": "6.000 đ",
    "MXH100": "7.000 đ",
    "MXH120": "8.000 đ",
    "MXH150": "10.000 đ",
    "C50N": "4.000 đ",
    "FD60": "2.000 đ",
    "21G": "4.000 đ",
    "24G": "6.600 đ",
    "12C120": "120.000 đ",
    "12C90N": "90.000 đ",
    "12C50N": "50.000 đ",
    "12KC150": "150.000 đ",
    "12KC120": "120.000 đ",
    "12KC90": "90.000 đ",
    "12PT120": "120.000 đ",
    "12PT90": "90.000 đ",
    "12PT70": "70.000 đ",
    "12MXH150": "150.000 đ",
    "12MXH120": "120.000 đ",
    "12MXH100": "100.000 đ",
    "12MXH90": "90.000 đ",
    "12MXH80": "80.000 đ",
    "12TK219": "219.000 đ",
    "12TK159": "159.000 đ",
    "12TK135": "135.000 đ",
    "NA70": "7.000 đ",
    "NA90": "6.000 đ",
    "NA120": "6.000 đ",
    "MBF30": "10.000 đ",
    "EDU100": "10.000 đ",
    "ME100": "10.000 đ",
    "AG90": "5.000 đ",
    "AG100": "10.000 đ",
    "GG135": "5.000 đ",
    "GG155": "35.000 đ",
    "MCL200": "5.000 đ",
    "MCD85": "5.000 đ",
    "MCD100": "10.000 đ",
    "S135": "5.000 đ",
    "S159": "10.000 đ",
    "MCD145": "5.000 đ",
    "MC150": "10.000 đ",
    "MFC165": "5.000 đ",
    "ED60": "5.000 đ",
    "ED70": "5.000 đ",
    "ED100": "5.000 đ",
    "ME159": "10.000 đ",
    "LM135": "5.000 đ",
    "AG60": "5.000 đ",
    "AG70": "5.000 đ",
    "AG155": "35.000 đ",
    "FZT135": "5.000 đ",
    "GTP120": "5.000 đ",
    "CGDG": "5.000 đ"
  },
  "loanCodes": {
    "9015": {
      "Thời gian": "chờ 24h",
      "Tài khoản": "TKC",
      "Kiểm tra nợ": "KT",
      "ĐK ứng tự động": "UDT/SUBS",
      "Hủy ứng tự động": "HUY UTD",
      "Từ chối": "TC",
      "Chủ động HT": "",
      "Mã hoàn ứng": "HU"
    },
    "9913": {
      "Thời gian": "",
      "Tài khoản": "TK_AP1: - Thoại/SMS nội mạng, liên mạng.",
      "Kiểm tra nợ": "",
      "ĐK ứng tự động": "TD",
      "Hủy ứng tự động": "HUY TD",
      "Từ chối": "TC",
      "Chủ động HT": "",
      "Mã hoàn ứng": "UACHU"
    },
    "9928": {
      "Thời gian": "",
      "Tài khoản": "Phút gọi",
      "Kiểm tra nợ": "TT",
      "ĐK ứng tự động": "",
      "Hủy ứng tự động": "",
      "Từ chối": "TC",
      "Chủ động HT": "HT",
      "Mã hoàn ứng": "MBHU"
    },
    "9363": {
      "Thời gian": "Hoạt dộng ít nhất 45 ngày + TKC <= 5.000đ",
      "Tài khoản": "KM3: Thoại/SMS nội mạng, liên mạng / DT20",
      "Kiểm tra nợ": "KT",
      "ĐK ứng tự động": "",
      "Hủy ứng tự động": "",
      "Từ chối": "TC",
      "Chủ động HT": "",
      "Mã hoàn ứng": "MBFHU"
    },
    "9070": {
      "Thời gian": "24h",
      "Tài khoản": "Data",
      "Kiểm tra nợ": "KT",
      "ĐK ứng tự động": "",
      "Hủy ứng tự động": "",
      "Từ chối": "TC",
      "Chủ động HT": "TT",
      "Mã hoàn ứng": "DT247HU"
    },
    "1256": {
      "Thời gian": "7 ngày",
      "Tài khoản": "TKC",
      "Kiểm tra nợ": "KT",
      "ĐK ứng tự động": "UDT",
      "Hủy ứng tự động": "HUY",
      "Từ chối": "TC",
      "Chủ động HT": "",
      "Mã hoàn ứng": "EHU"
    },
    "1255": {
      "Thời gian": "7 ngày",
      "Tài khoản": "TK_AP2: Thoại/SMS nội mạng, liên mạng.",
      "Kiểm tra nợ": "",
      "ĐK ứng tự động": "",
      "Hủy ứng tự động": "",
      "Từ chối": "TC",
      "Chủ động HT": "",
      "Mã hoàn ứng": "UAGHU"
    },
    "5110": {
      "Thời gian": "",
      "Tài khoản": "Phút gọi",
      "Kiểm tra nợ": "KT",
      "ĐK ứng tự động": "",
      "Hủy ứng tự động": "",
      "Từ chối": "TC",
      "Chủ động HT": "HT",
      "Mã hoàn ứng": "SPHU"
    }
  },
  "blacklist": {
    "767549568": "KHTX - PA Sóng KSC",
    "903956121": "Việt - KHTX",
    "933096325": "Thành - KHTX",
    "764092280": "Thành - KHTX",
    "785523651": "Thành - KHTX",
    "908674375": "Quyền - KHTX",
    "902548142": "Quyền - KHTX",
    "931754518": "Quyền - KHTX",
    "706803350": "Quyền - KHTX",
    "927811415": "Hữu - KHTX",
    "786199111": "Hữu - KHTX",
    "583229836": "Hữu - KHTX",
    "349906865": "Hữu - KHTX",
    "378760761": "Hữu - KHTX",
    "933909113": "Đàm Đức Toàn - KHTX",
    "908585114": "Đàm Đức Toàn - KHTX",
    "908498696": "Đàm Đức Toàn - KHTX",
    "933509115": "Đàm Đức Toàn - KHTX",
    "904168572": "Đàm Đức Toàn - KHTX",
    "938451165": "Phòng CSKH CT2",
    "798998886": "Phòng CSKH CT2",
    "909141933": "PA Sóng TX",
    "908617376": "Tú - KHTX",
    "932707396": "Tú - KHTX",
    "903893281": "Tuấn - PA Sóng",
    "898202122": "Nhựt - KHTX",
    "938203737": "Nhựt - KHTX",
    "901418247": "Huy - KHTX góp ý, PA MI",
    "774442941": "Hòa - PA Sóng TX",
    "772593085": "Hòa - PA Sóng TX",
    "706087206": "Hòa - PA Sóng TX",
    "933979329": "Nghĩa - TXPA Thái độ NV",
    "906886731": "Nghĩa - TXPA Thái độ NV",
    "909960240": "Nghĩa - TXPA Thái độ NV",
    "932685978": "KHÔNG Tác động QA TĐ",
    "785554839": "CẤM Tác động QA TĐ",
    "784868152": "CẤM Tác động QA TĐ",
    "764113276": "Thanh - Ghi nhận góp ý",
    "774048258": "Kiều - KHTX",
    "778174465": "Kiều - KHTX",
    "569180785": "Kiều - KHTX",
    "764324858": "Linh - TXYC ghi nhận ý kiến",
    "937929380": "Phương - TX PA CF50",
    "764041723": "Tú - KHTX",
    "908276559": "Son - KHTX",
    "901098198": "KHTX",
    "938262974": "KHTX",
    "944844594": "KHTX",
    "944577845": "KHTX",
    "939007809": "KHTX",
    "393455802": "KHTX",
    "948532914": "KHTX",
    "354010018": "KHTX",
    "879748446": "KHTX",
    "344485328": "KHTX",
    "942034857": "KHTX",
    "352004827": "KHTX",
    "937031025": "KHTX",
    "369625098": "KHTX",
    "812380377": "KHTX",
    "393449497": "KHTX",
    "909442298": "KHTX",
    "937178189": "Hằng - YC gặp 7349",
    "904728659": "Mạnh - PA 8216, 8235",
    "357246860": "KHTX",
    "772415423": "Không gủi NĐ13",
    "905213546": "Không GR",
    "907947472": "Không GR",
    "909103463": "Không GR",
    "907876768": "Không GR",
    "937954220": "Không GR",
    "938398456": "Không GR",
    "936272143": "PA Sóng KCS",
    "795687882": "Không GR",
    "934884730": "Không GR",
    "907233788": "Không GR",
    "937566606": "Không GR",
    "797331311": "Không GR",
    "775721347": "Không GR",
    "909518188": "Không GR",
    "907735567": "Không GR",
    "902703369": "Không GR",
    "774885937": "KHYC NV Nữ",
    "359788623": "KHTX",
    "799516937": "Nhân - KHTX PA MI",
    "799243880": "Nhân - KHTX PA MI",
    "905915551": "Khách hàng phản ánh sóng, gọi ra thì KH im lặng, xong gọi lại KN nhân viên",
    "903445468": "BRANDNAME: MOBIFONE",
    "936348068": "BRANDNAME: MOBIFONE_QC",
    "903465968": "BRANDNAME: MOBIFONE_KM",
    "903450768": "BRANDNAME: MOBI_090",
    "933386666": "BRANDNAME: MOBI_090",
    "934450668": "BRANDNAME: MOBI_DATA",
    "933396666": "BRANDNAME: MOBI_DATA",
    "936477268": "BRANDNAME: MOBI_VOICE",
    "702107046": "Truyền thông kênh AVB",
    "702109376": "Truyền thông kênh AVB",
    "702132847": "Truyền thông kênh AVB",
    "702153846": "Truyền thông kênh AVB",
    "702170754": "Truyền thông kênh AVB",
    "702195025": "Truyền thông kênh AVB",
    "704010854": "Truyền thông kênh AVB",
    "704038137": "Truyền thông kênh AVB",
    "704060670": "Truyền thông kênh AVB",
    "704085823": "Truyền thông kênh AVB",
    "704090949": "Truyền thông kênh AVB",
    "705001174": "Truyền thông kênh AVB",
    "705005930": "Truyền thông kênh AVB",
    "705009807": "Truyền thông kênh AVB",
    "705029167": "Truyền thông kênh AVB",
    "705102165": "Truyền thông kênh AVB",
    "705133494": "Truyền thông kênh AVB",
    "705140735": "Truyền thông kênh AVB",
    "705184041": "Truyền thông kênh AVB",
    "705190692": "Truyền thông kênh AVB",
    "705193747": "Truyền thông kênh AVB",
    "705341932": "Truyền thông kênh AVB",
    "705342087": "Truyền thông kênh AVB",
    "705342874": "Truyền thông kênh AVB",
    "705346002": "Truyền thông kênh AVB",
    "705350762": "Truyền thông kênh AVB",
    "705356537": "Truyền thông kênh AVB",
    "705368341": "Truyền thông kênh AVB",
    "705376287": "Truyền thông kênh AVB",
    "705386737": "Truyền thông kênh AVB",
    "762009724": "Truyền thông kênh AVB",
    "762010551": "Truyền thông kênh AVB",
    "762010682": "Truyền thông kênh AVB",
    "762011082": "Truyền thông kênh AVB",
    "762013203": "Truyền thông kênh AVB",
    "762013840": "Truyền thông kênh AVB",
    "762014037": "Truyền thông kênh AVB",
    "762014217": "Truyền thông kênh AVB"
  },
  "macros": {
    "em2": "Dear Anh / Chị,\nNhờ Anh / Chị hỗ trợ phản hồi KH qua email. Em cảm ơn\nEmail:\n",
    "qt2": "Dear Anh / Chị,\nNhờ Anh / Chị hỗ trợ gọi ra KH người nước ngoài.\nEm cảm ơn.\n",
    "dxptm": "Dear chị Châu,\nNhờ chị chuyển hỗ trợ giúp. Em cảm ơn.\nĐịa chỉ :\n",
    "quahan": "Dear Anh Chị,\nPhản ánh của KH đã quá hạn . Nhờ AC kiểm tra xử lý GẤP giúp.\nEm cảm ơn.\n"
  },
  "AGENCY_COMMISSION_RATE": 0.159,
  "ACTUAL_COMMISSION_RATE": 0.127
}
